event_id,dataset_index,primary_count,primary_pdgs,multiplicity_group,particle_valid,particle_truth_id,particle_truth,particle_pred_id,particle_pred,particle_correct,particle_confidence,stop_truth,stop_probability,stop_pred
980956,52910,3,22;-13;-13,multi_mixed_family,0,-1,mixed/unsupported,0,muon,0,0.9999951124191284,0,1.9603545808877243e-07,0
630268,34045,3,22;22;22,multi_same_family,1,2,photon,0,muon,0,0.9999829530715942,1,9.214934948431619e-07,0
460806,24809,5,22;-13;-13;22;-13,multi_mixed_family,0,-1,mixed/unsupported,0,muon,0,0.9999814033508301,0,0.00015840298146940768,0
523916,28251,2,11;-13,multi_mixed_family,0,-1,mixed/unsupported,0,muon,0,0.9999773502349854,0,0.0015501325251534581,0
675298,36533,2,22;11,multi_mixed_family,0,-1,mixed/unsupported,0,muon,0,0.9999585151672363,0,4.482557415030897e-06,0
342460,18500,2,-11;13,multi_mixed_family,0,-1,mixed/unsupported,0,muon,0,0.9998674392700195,1,7.700057904003188e-05,0
212336,11498,2,22;11,multi_mixed_family,0,-1,mixed/unsupported,0,muon,0,0.999796450138092,1,0.28854721784591675,0
504467,27183,4,-13;13;22;22,multi_mixed_family,0,-1,mixed/unsupported,0,muon,0,0.9996709823608398,0,0.8335022926330566,1
828668,44712,3,13;-11;22,multi_mixed_family,0,-1,mixed/unsupported,0,muon,0,0.9995996356010437,0,0.001386464573442936,0
672168,36386,2,22;13,multi_mixed_family,0,-1,mixed/unsupported,0,muon,0,0.9995437264442444,0,1.0261860552418511e-06,0
366724,19786,3,-13;-13;22,multi_mixed_family,0,-1,mixed/unsupported,2,photon,0,0.9993785619735718,1,0.998917818069458,1
478712,25806,2,-13;22,multi_mixed_family,0,-1,mixed/unsupported,0,muon,0,0.9992249011993408,0,8.213411201163368e-11,0
518267,27947,3,-13;22;-13,multi_mixed_family,0,-1,mixed/unsupported,0,muon,0,0.9988993406295776,1,6.685112566628959e-06,0
74471,4117,8,22;13;13;22;2112;22;13;22,multi_mixed_family,0,-1,mixed/unsupported,0,muon,0,0.9986053109169006,0,0.005574606824666262,0
399024,21530,4,22;-13;-13;22,multi_mixed_family,0,-1,mixed/unsupported,0,muon,0,0.9982055425643921,0,1.5140576579142362e-06,0
530565,28601,2,13;22,multi_mixed_family,0,-1,mixed/unsupported,0,muon,0,0.9980682730674744,0,6.397952802217333e-06,0
277913,15013,2,13;22,multi_mixed_family,0,-1,mixed/unsupported,0,muon,0,0.9975659847259521,0,1.8217513570562005e-05,0
551466,29672,2,-13;11,multi_mixed_family,0,-1,mixed/unsupported,0,muon,0,0.9974639415740967,0,7.918606002021988e-07,0
614207,33187,2,22;13,multi_mixed_family,0,-1,mixed/unsupported,0,muon,0,0.9970278143882751,0,5.403820978244767e-06,0
329409,17807,2,-11;22,multi_mixed_family,0,-1,mixed/unsupported,0,muon,0,0.9965086579322815,0,0.01565835066139698,0
491438,26507,4,-13;13;2112;-13,multi_mixed_family,0,-1,mixed/unsupported,0,muon,0,0.9964925646781921,0,4.357074885774637e-06,0
893093,48091,5,-13;22;22;13;-11,multi_mixed_family,0,-1,mixed/unsupported,0,muon,0,0.9962601661682129,0,7.008357351878658e-05,0
522704,28187,13,-13;-13;-13;13;-13;22;13;22;-13;-13;22;-13;22,multi_mixed_family,0,-1,mixed/unsupported,0,muon,0,0.9953513145446777,0,1.5902361383268726e-07,0
211018,11420,2,22;-13,multi_mixed_family,0,-1,mixed/unsupported,0,muon,0,0.9951672554016113,0,4.138185613555834e-05,0
792331,42667,3,-11;22;22,multi_mixed_family,0,-1,mixed/unsupported,0,muon,0,0.9949604272842407,1,3.2586289222535925e-08,0
289128,15614,5,22;22;22;13;-13,multi_mixed_family,0,-1,mixed/unsupported,0,muon,0,0.9946610331535339,0,4.399908721097745e-05,0
579146,31188,6,22;22;22;13;22;-13,multi_mixed_family,0,-1,mixed/unsupported,0,muon,0,0.9946531057357788,0,0.017624298110604286,0
536892,28900,3,11;-13;-13,multi_mixed_family,0,-1,mixed/unsupported,0,muon,0,0.9943242073059082,0,5.88062139286194e-05,0
920149,49577,3,13;22;13,multi_mixed_family,0,-1,mixed/unsupported,0,muon,0,0.9936168193817139,0,0.0027286445256322622,0
823401,44388,2,22;13,multi_mixed_family,0,-1,mixed/unsupported,0,muon,0,0.9914705157279968,0,4.3440952140372247e-05,0
723220,39062,2,13;22,multi_mixed_family,0,-1,mixed/unsupported,0,muon,0,0.989700436592102,0,1.2961507991349208e-06,0
539139,29031,4,22;22;13;13,multi_mixed_family,0,-1,mixed/unsupported,0,muon,0,0.9887160658836365,0,0.003741616616025567,0
454658,24468,2,-13;22,multi_mixed_family,0,-1,mixed/unsupported,0,muon,0,0.9885057210922241,0,0.01135595329105854,0
916262,49366,7,-13;22;13;2112;22;-13;22,multi_mixed_family,0,-1,mixed/unsupported,0,muon,0,0.9882022738456726,0,1.1964014447585214e-05,0
417823,22526,6,-13;22;22;22;13;22,multi_mixed_family,0,-1,mixed/unsupported,0,muon,0,0.9869440793991089,0,0.0006464712787419558,0
559381,30116,2,22;2212,multi_mixed_family,0,-1,mixed/unsupported,0,muon,0,0.9865213632583618,0,5.7000896049430594e-05,0
434945,23431,2,22;-13,multi_mixed_family,0,-1,mixed/unsupported,0,muon,0,0.9852912425994873,0,0.01092320866882801,0
183713,9971,4,22;13;2112;13,multi_mixed_family,0,-1,mixed/unsupported,0,muon,0,0.9842612743377686,0,4.0685645217308775e-06,0
692295,37445,3,22;-13;22,multi_mixed_family,0,-1,mixed/unsupported,0,muon,0,0.9824379086494446,0,0.0007303613238036633,0
371667,20024,2,22;13,multi_mixed_family,0,-1,mixed/unsupported,0,muon,0,0.9796121716499329,0,0.0009189790580421686,0
975584,52623,2,13;22,multi_mixed_family,0,-1,mixed/unsupported,0,muon,0,0.9781470894813538,1,0.9937064051628113,1
765352,41234,2,13;2112,multi_mixed_family,0,-1,mixed/unsupported,0,muon,0,0.9772335290908813,0,0.0012804563157260418,0
133469,7260,3,-13;13;22,multi_mixed_family,0,-1,mixed/unsupported,0,muon,0,0.9765199422836304,0,0.00045498053077608347,0
676476,36598,2,2212;22,multi_mixed_family,0,-1,mixed/unsupported,0,muon,0,0.9757857918739319,0,3.0094255635049194e-05,0
386988,20850,2,22;-13,multi_mixed_family,0,-1,mixed/unsupported,0,muon,0,0.9748780131340027,0,3.216891855117865e-05,0
116568,6311,2,22;22,multi_same_family,1,2,photon,2,photon,1,0.9746624827384949,0,0.8419032096862793,1
867539,46772,2,22;-13,multi_mixed_family,0,-1,mixed/unsupported,0,muon,0,0.9746432304382324,0,2.530546043999493e-05,0
283806,15315,3,13;22;-13,multi_mixed_family,0,-1,mixed/unsupported,0,muon,0,0.9745577573776245,0,0.001521328929811716,0
691896,37426,2,22;-13,multi_mixed_family,0,-1,mixed/unsupported,0,muon,0,0.9702587723731995,0,0.0008303369977511466,0
139160,7584,5,13;22;-13;13;13,multi_mixed_family,0,-1,mixed/unsupported,0,muon,0,0.9682624936103821,0,0.9667186141014099,1
612877,33103,4,22;22;-13;-13,multi_mixed_family,0,-1,mixed/unsupported,0,muon,0,0.9673441052436829,1,0.9719860553741455,1
830335,44806,3,11;13;22,multi_mixed_family,0,-1,mixed/unsupported,1,electron,0,0.9660863280296326,1,0.9815642237663269,1
165644,9016,2,2112;-13,multi_mixed_family,0,-1,mixed/unsupported,0,muon,0,0.9628498554229736,0,0.005141866859048605,0
390808,21056,2,22;13,multi_mixed_family,0,-1,mixed/unsupported,0,muon,0,0.9622216820716858,0,2.791095175780356e-05,0
930240,50145,3,22;13;22,multi_mixed_family,0,-1,mixed/unsupported,0,muon,0,0.962195634841919,0,0.0011791565921157598,0
545284,29348,2,13;2112,multi_mixed_family,0,-1,mixed/unsupported,0,muon,0,0.9620255827903748,0,0.00032568350434303284,0
10874,594,2,-13;-11,multi_mixed_family,0,-1,mixed/unsupported,0,muon,0,0.9581570029258728,0,0.00015731650637462735,0
484028,26095,2,22;13,multi_mixed_family,0,-1,mixed/unsupported,0,muon,0,0.9561015963554382,0,0.0007037380710244179,0
885686,47699,2,2112;13,multi_mixed_family,0,-1,mixed/unsupported,0,muon,0,0.9560006856918335,0,0.008961050771176815,0
540032,29086,2,22;13,multi_mixed_family,0,-1,mixed/unsupported,0,muon,0,0.9546442627906799,1,0.8743674755096436,1
657122,35535,4,13;22;22;-13,multi_mixed_family,0,-1,mixed/unsupported,0,muon,0,0.9536176323890686,0,4.855003862758167e-05,0
704193,38079,2,22;13,multi_mixed_family,0,-1,mixed/unsupported,0,muon,0,0.9509906768798828,0,0.0011112478096038103,0
978451,52766,2,22;13,multi_mixed_family,0,-1,mixed/unsupported,0,muon,0,0.9507962465286255,0,0.0036621701437979937,0
220388,11938,3,-13;22;22,multi_mixed_family,0,-1,mixed/unsupported,0,muon,0,0.9474037885665894,0,0.00013997814676258713,0
23251,1270,2,22;13,multi_mixed_family,0,-1,mixed/unsupported,0,muon,0,0.946277379989624,0,8.82840613485314e-05,0
28131,1549,2,11;13,multi_mixed_family,0,-1,mixed/unsupported,0,muon,0,0.9450675845146179,0,6.974062853259966e-05,0
717458,38776,2,22;-13,multi_mixed_family,0,-1,mixed/unsupported,0,muon,0,0.9426800608634949,0,0.002058186335489154,0
584563,31501,2,11;-13,multi_mixed_family,0,-1,mixed/unsupported,0,muon,0,0.9373990893363953,0,0.018288543447852135,0
328300,17742,2,13;22,multi_mixed_family,0,-1,mixed/unsupported,0,muon,0,0.9367020726203918,0,0.9986428618431091,1
658122,35583,6,13;13;22;22;11;22,multi_mixed_family,0,-1,mixed/unsupported,0,muon,0,0.9364317655563354,0,0.9987020492553711,1
944705,50943,2,22;-13,multi_mixed_family,0,-1,mixed/unsupported,0,muon,0,0.9356167912483215,0,0.0056582260876894,0
91442,5012,4,11;13;22;-13,multi_mixed_family,0,-1,mixed/unsupported,3,proton,0,0.935053288936615,0,0.0001563221449032426,0
571503,30797,2,-13;22,multi_mixed_family,0,-1,mixed/unsupported,0,muon,0,0.9342419505119324,0,0.00038252866943366826,0
257858,13930,2,-13;22,multi_mixed_family,0,-1,mixed/unsupported,2,photon,0,0.9278239011764526,1,0.9751258492469788,1
781049,42047,2,22;-11,multi_mixed_family,0,-1,mixed/unsupported,1,electron,0,0.9234289526939392,1,0.818988561630249,1
63869,3532,2,-11;-11,multi_same_family,1,1,electron,2,photon,0,0.9187113046646118,0,0.8982316851615906,1
579327,31199,2,13;22,multi_mixed_family,0,-1,mixed/unsupported,0,muon,0,0.9095222353935242,0,0.0041379546746611595,0
550302,29610,5,13;-13;22;-13;22,multi_mixed_family,0,-1,mixed/unsupported,0,muon,0,0.8999571800231934,0,0.00013652494817506522,0
586259,31593,2,22;13,multi_mixed_family,0,-1,mixed/unsupported,0,muon,0,0.8995033502578735,0,0.1488872915506363,0
413996,22315,3,13;22;-13,multi_mixed_family,0,-1,mixed/unsupported,0,muon,0,0.8967613577842712,0,0.19317103922367096,0
154020,8390,2,22;13,multi_mixed_family,0,-1,mixed/unsupported,0,muon,0,0.8833920359611511,0,0.0012015553656965494,0
332688,17971,3,22;11;-13,multi_mixed_family,0,-1,mixed/unsupported,1,electron,0,0.8812708854675293,0,0.8952081799507141,1
134249,7297,2,-13;22,multi_mixed_family,0,-1,mixed/unsupported,0,muon,0,0.8748089075088501,0,0.015492983162403107,0
787541,42393,2,-13;22,multi_mixed_family,0,-1,mixed/unsupported,0,muon,0,0.8642383217811584,0,0.16566115617752075,0
889410,47886,2,-11;22,multi_mixed_family,0,-1,mixed/unsupported,1,electron,0,0.8582711219787598,1,0.8507527709007263,1
3924,200,5,22;-13;13;-13;22,multi_mixed_family,0,-1,mixed/unsupported,0,muon,0,0.8556843996047974,0,0.0010381626198068261,0
305246,16496,2,11;13,multi_mixed_family,0,-1,mixed/unsupported,0,muon,0,0.8552170991897583,0,0.21644049882888794,0
753012,40623,3,-13;13;22,multi_mixed_family,0,-1,mixed/unsupported,0,muon,0,0.8504420518875122,0,0.14436230063438416,0
782477,42114,4,2112;22;22;22,multi_mixed_family,0,-1,mixed/unsupported,1,electron,0,0.8487468361854553,1,0.7198672890663147,0
91963,5041,2,13;22,multi_mixed_family,0,-1,mixed/unsupported,0,muon,0,0.8483284711837769,0,0.18713484704494476,0
729567,39374,5,13;22;22;13;22,multi_mixed_family,0,-1,mixed/unsupported,0,muon,0,0.8443535566329956,0,0.0010921021457761526,0
205390,11135,8,22;11;22;13;13;22;22;22,multi_mixed_family,0,-1,mixed/unsupported,0,muon,0,0.8407518267631531,0,0.054708387702703476,0
611896,33046,2,-13;22,multi_mixed_family,0,-1,mixed/unsupported,0,muon,0,0.8377702832221985,0,0.1440797746181488,0
20584,1124,2,22;-13,multi_mixed_family,0,-1,mixed/unsupported,2,photon,0,0.8330286145210266,1,0.9269755482673645,1
361519,19528,2,22;13,multi_mixed_family,0,-1,mixed/unsupported,2,photon,0,0.8279097080230713,1,0.9902300238609314,1
483809,26081,2,22;13,multi_mixed_family,0,-1,mixed/unsupported,0,muon,0,0.8249816298484802,0,0.20695708692073822,0
735578,39698,10,22;22;22;22;22;13;22;11;22;13,multi_mixed_family,0,-1,mixed/unsupported,1,electron,0,0.8230261206626892,0,0.3621794581413269,0
547943,29498,3,13;22;-11,multi_mixed_family,0,-1,mixed/unsupported,0,muon,0,0.8210489749908447,0,0.2478271722793579,0
549436,29570,3,13;22;22,multi_mixed_family,0,-1,mixed/unsupported,0,muon,0,0.8169699311256409,0,0.20826415717601776,0
294566,15927,2,-13;22,multi_mixed_family,0,-1,mixed/unsupported,0,muon,0,0.8150410652160645,0,0.13656754791736603,0
288733,15596,3,-13;22;-13,multi_mixed_family,0,-1,mixed/unsupported,0,muon,0,0.8099620938301086,0,0.3196870982646942,0
200741,10899,2,22;22,multi_same_family,1,2,photon,2,photon,1,0.8097236156463623,0,0.906760573387146,1
91420,5009,3,-13;-13;22,multi_mixed_family,0,-1,mixed/unsupported,0,muon,0,0.7990348935127258,0,0.016116486862301826,0
602402,32522,2,-13;22,multi_mixed_family,0,-1,mixed/unsupported,0,muon,0,0.7982498407363892,0,0.3376626968383789,0
912200,49129,2,-13;22,multi_mixed_family,0,-1,mixed/unsupported,0,muon,0,0.7848964929580688,0,0.39113420248031616,0
358556,19347,3,22;22;11,multi_mixed_family,0,-1,mixed/unsupported,0,muon,0,0.763935923576355,0,0.4362878203392029,0
172837,9403,2,22;-13,multi_mixed_family,0,-1,mixed/unsupported,0,muon,0,0.7583925724029541,0,0.022828692570328712,0
215490,11657,2,13;22,multi_mixed_family,0,-1,mixed/unsupported,0,muon,0,0.7566971778869629,0,0.1541532725095749,0
381950,20573,2,11;-13,multi_mixed_family,0,-1,mixed/unsupported,0,muon,0,0.7560333609580994,0,0.03946653753519058,0
241698,13078,4,22;11;-11;-13,multi_mixed_family,0,-1,mixed/unsupported,0,muon,0,0.7558163404464722,1,0.24570904672145844,0
907886,48881,2,13;22,multi_mixed_family,0,-1,mixed/unsupported,0,muon,0,0.7531281113624573,0,0.08560720831155777,0
969881,52299,3,-13;-13;11,multi_mixed_family,0,-1,mixed/unsupported,0,muon,0,0.7496148347854614,0,0.254878968000412,0
540272,29105,2,13;22,multi_mixed_family,0,-1,mixed/unsupported,0,muon,0,0.7359588742256165,0,0.021596120670437813,0
221457,11993,3,-13;-13;2112,multi_mixed_family,0,-1,mixed/unsupported,0,muon,0,0.735355019569397,0,0.0012114368146285415,0
784506,42214,2,22;13,multi_mixed_family,0,-1,mixed/unsupported,0,muon,0,0.7353436946868896,0,0.08986930549144745,0
465820,25077,2,-13;-11,multi_mixed_family,0,-1,mixed/unsupported,0,muon,0,0.7320576906204224,0,0.23484481871128082,0
177626,9649,2,22;-13,multi_mixed_family,0,-1,mixed/unsupported,0,muon,0,0.7313331961631775,0,0.2299737185239792,0
84586,4647,2,-13;13,multi_same_family,1,0,muon,2,photon,0,0.728861391544342,0,0.9454551935195923,1
725360,39163,2,13;22,multi_mixed_family,0,-1,mixed/unsupported,0,muon,0,0.7278700470924377,0,0.156938374042511,0
647152,34960,2,2112;-11,multi_mixed_family,0,-1,mixed/unsupported,1,electron,0,0.7186746001243591,0,0.8437368273735046,1
526004,28364,2,22;-13,multi_mixed_family,0,-1,mixed/unsupported,0,muon,0,0.7183406949043274,0,0.0018517924472689629,0
951035,51303,2,22;-13,multi_mixed_family,0,-1,mixed/unsupported,0,muon,0,0.7178549766540527,0,0.30355972051620483,0
65844,3646,2,-13;22,multi_mixed_family,0,-1,mixed/unsupported,0,muon,0,0.7150673270225525,0,0.22507813572883606,0
49686,2776,2,13;22,multi_mixed_family,0,-1,mixed/unsupported,0,muon,0,0.7122998237609863,0,0.09353664517402649,0
218733,11840,3,11;-13;13,multi_mixed_family,0,-1,mixed/unsupported,0,muon,0,0.7083432674407959,0,0.36210548877716064,0
489833,26426,2,-13;22,multi_mixed_family,0,-1,mixed/unsupported,0,muon,0,0.7053035497665405,0,0.29272592067718506,0
175534,9552,2,13;22,multi_mixed_family,0,-1,mixed/unsupported,0,muon,0,0.704434335231781,0,0.3613971769809723,0
659725,35677,2,22;13,multi_mixed_family,0,-1,mixed/unsupported,0,muon,0,0.7015587091445923,0,0.07884550839662552,0
665744,36047,4,22;-13;13;-13,multi_mixed_family,0,-1,mixed/unsupported,0,muon,0,0.7002494931221008,0,0.2946628928184509,0
451191,24267,2,11;13,multi_mixed_family,0,-1,mixed/unsupported,0,muon,0,0.7001488208770752,0,0.1839635670185089,0
465559,25063,4,-13;-13;11;-13,multi_mixed_family,0,-1,mixed/unsupported,0,muon,0,0.698570191860199,0,0.1666574478149414,0
144524,7883,4,22;22;22;-13,multi_mixed_family,0,-1,mixed/unsupported,0,muon,0,0.6965263485908508,0,0.15753600001335144,0
391472,21095,2,22;-11,multi_mixed_family,0,-1,mixed/unsupported,0,muon,0,0.6958120465278625,0,0.004625428467988968,0
265687,14346,3,13;-13;22,multi_mixed_family,0,-1,mixed/unsupported,0,muon,0,0.6894674897193909,0,0.010975907556712627,0
355486,19188,2,2112;22,multi_mixed_family,0,-1,mixed/unsupported,0,muon,0,0.6883943676948547,0,0.0614137277007103,0
840473,45378,2,-13;22,multi_mixed_family,0,-1,mixed/unsupported,0,muon,0,0.6862615346908569,0,0.5826388597488403,0
831911,44902,2,22;-13,multi_mixed_family,0,-1,mixed/unsupported,0,muon,0,0.6858602166175842,0,0.26401540637016296,0
968590,52228,3,-13;22;22,multi_mixed_family,0,-1,mixed/unsupported,0,muon,0,0.6841896176338196,0,0.3894709050655365,0
81085,4469,3,13;-11;11,multi_mixed_family,0,-1,mixed/unsupported,0,muon,0,0.6827555894851685,0,0.3288910686969757,0
525270,28326,2,13;22,multi_mixed_family,0,-1,mixed/unsupported,0,muon,0,0.6823458075523376,0,0.109712153673172,0
166697,9073,3,13;22;13,multi_mixed_family,0,-1,mixed/unsupported,0,muon,0,0.6778207421302795,0,0.32235798239707947,0
593363,31991,2,13;2112,multi_mixed_family,0,-1,mixed/unsupported,0,muon,0,0.6768858432769775,0,0.3680361211299896,0
157789,8600,4,-13;13;22;-13,multi_mixed_family,0,-1,mixed/unsupported,0,muon,0,0.6754376888275146,0,0.9002670049667358,1
621247,33561,2,22;-13,multi_mixed_family,0,-1,mixed/unsupported,0,muon,0,0.673125684261322,0,0.2865884304046631,0
396077,21371,3,-13;22;-13,multi_mixed_family,0,-1,mixed/unsupported,0,muon,0,0.6730613112449646,0,0.2965056598186493,0
576263,31036,2,13;22,multi_mixed_family,0,-1,mixed/unsupported,0,muon,0,0.6719679236412048,0,0.0034930759575217962,0
815117,43927,2,22;13,multi_mixed_family,0,-1,mixed/unsupported,0,muon,0,0.6673043370246887,0,0.12044457346200943,0
817243,44033,2,11;2112,multi_mixed_family,0,-1,mixed/unsupported,1,electron,0,0.6651474237442017,0,0.8149756789207458,1
662854,35854,2,11;13,multi_mixed_family,0,-1,mixed/unsupported,0,muon,0,0.6603362560272217,0,0.4140015244483948,0
950200,51255,2,-11;13,multi_mixed_family,0,-1,mixed/unsupported,1,electron,0,0.6602090001106262,0,0.8227922320365906,1
564291,30396,2,2112;-11,multi_mixed_family,0,-1,mixed/unsupported,0,muon,0,0.6518505811691284,0,0.5152831673622131,0
83467,4583,2,-13;22,multi_mixed_family,0,-1,mixed/unsupported,0,muon,0,0.6510068774223328,0,0.3969428837299347,0
503491,27122,2,13;22,multi_mixed_family,0,-1,mixed/unsupported,0,muon,0,0.6454437375068665,0,0.41784393787384033,0
712961,38537,2,13;22,multi_mixed_family,0,-1,mixed/unsupported,0,muon,0,0.6419065594673157,0,0.13738706707954407,0
827139,44616,2,2112;11,multi_mixed_family,0,-1,mixed/unsupported,1,electron,0,0.6404178738594055,1,0.8252435922622681,1
41278,2276,2,22;-13,multi_mixed_family,0,-1,mixed/unsupported,0,muon,0,0.6325400471687317,0,0.37593507766723633,0
972489,52457,2,-11;-13,multi_mixed_family,0,-1,mixed/unsupported,0,muon,0,0.6292982697486877,0,0.39709651470184326,0
160026,8715,2,13;22,multi_mixed_family,0,-1,mixed/unsupported,0,muon,0,0.6252679824829102,0,0.4024133086204529,0
545227,29345,2,13;2112,multi_mixed_family,0,-1,mixed/unsupported,0,muon,0,0.6230847835540771,0,0.47802379727363586,0
9084,504,4,22;11;-11;13,multi_mixed_family,0,-1,mixed/unsupported,0,muon,0,0.6198885440826416,0,1.0566238415776752e-05,0
38133,2099,2,22;11,multi_mixed_family,0,-1,mixed/unsupported,0,muon,0,0.6196773052215576,0,0.4316924214363098,0
151459,8251,2,-13;22,multi_mixed_family,0,-1,mixed/unsupported,0,muon,0,0.6156191825866699,0,0.07840971648693085,0
513855,27707,2,22;22,multi_same_family,1,2,photon,0,muon,0,0.6088387370109558,1,0.08705445379018784,0
503550,27125,2,-13;13,multi_same_family,1,0,muon,2,photon,0,0.6060096621513367,0,0.9265033006668091,1
244787,13243,2,-11;-13,multi_mixed_family,0,-1,mixed/unsupported,0,muon,0,0.6050630211830139,0,0.09096530824899673,0
310575,16769,5,-13;22;22;11;22,multi_mixed_family,0,-1,mixed/unsupported,0,muon,0,0.6043176651000977,0,0.2046917825937271,0
795241,42831,2,-11;13,multi_mixed_family,0,-1,mixed/unsupported,0,muon,0,0.5982726216316223,0,0.6070316433906555,0
742557,40056,3,-13;22;-13,multi_mixed_family,0,-1,mixed/unsupported,0,muon,0,0.5945159792900085,0,0.3515999913215637,0
22044,1197,2,11;22,multi_mixed_family,0,-1,mixed/unsupported,1,electron,0,0.5917919278144836,1,0.814689040184021,1
195703,10634,2,22;13,multi_mixed_family,0,-1,mixed/unsupported,0,muon,0,0.5890779495239258,0,0.24954566359519958,0
500309,26947,3,-13;22;22,multi_mixed_family,0,-1,mixed/unsupported,0,muon,0,0.5772491097450256,0,0.17320670187473297,0
53593,2986,3,13;-13;-13,multi_same_family,1,0,muon,1,electron,0,0.5747275352478027,0,0.6877788305282593,0
602176,32508,2,22;13,multi_mixed_family,0,-1,mixed/unsupported,0,muon,0,0.5723586678504944,0,0.05931874364614487,0
394127,21260,3,-13;13;22,multi_mixed_family,0,-1,mixed/unsupported,1,electron,0,0.5581462979316711,0,0.16081072390079498,0
749535,40440,2,22;13,multi_mixed_family,0,-1,mixed/unsupported,1,electron,0,0.5577617883682251,0,0.7237946391105652,0
663542,35908,5,-11;22;-13;13;22,multi_mixed_family,0,-1,mixed/unsupported,2,photon,0,0.5573169589042664,0,0.6410303711891174,0
690112,37342,5,22;22;22;22;-13,multi_mixed_family,0,-1,mixed/unsupported,0,muon,0,0.5515888929367065,0,0.29355698823928833,0
337173,18220,4,22;22;22;13,multi_mixed_family,0,-1,mixed/unsupported,0,muon,0,0.5514647960662842,0,0.6216325759887695,0
548172,29503,2,22;-13,multi_mixed_family,0,-1,mixed/unsupported,2,photon,0,0.5501054525375366,0,0.6861070394515991,0
430130,23167,3,22;13;22,multi_mixed_family,0,-1,mixed/unsupported,0,muon,0,0.5458443760871887,0,0.4978148937225342,0
828139,44675,2,22;13,multi_mixed_family,0,-1,mixed/unsupported,0,muon,0,0.5420047044754028,0,0.01512631680816412,0
953455,51422,4,22;-13;-13;-13,multi_mixed_family,0,-1,mixed/unsupported,0,muon,0,0.506500244140625,0,0.5116113424301147,0
883938,47610,3,-13;-13;-13,multi_same_family,1,0,muon,1,electron,0,0.5049110054969788,0,0.3646976351737976,0
996943,53786,4,22;22;13;-11,multi_mixed_family,0,-1,mixed/unsupported,0,muon,0,0.5001969933509827,0,0.9999847412109375,1
6919,358,2,-13;22,multi_mixed_family,0,-1,mixed/unsupported,2,photon,0,0.5001915097236633,0,0.37866172194480896,0
500650,26972,2,11;22,multi_mixed_family,0,-1,mixed/unsupported,0,muon,0,0.4893372058868408,0,0.07911143451929092,0
842113,45455,2,-11;22,multi_mixed_family,0,-1,mixed/unsupported,1,electron,0,0.4728794991970062,0,0.244381383061409,0
608597,32854,3,22;22;-11,multi_mixed_family,0,-1,mixed/unsupported,0,muon,0,0.46868810057640076,1,0.5106433033943176,0
153527,8365,2,22;-13,multi_mixed_family,0,-1,mixed/unsupported,2,photon,0,0.46761104464530945,0,6.350404419208644e-06,0
571771,30811,5,22;22;22;-11;-13,multi_mixed_family,0,-1,mixed/unsupported,2,photon,0,0.4491027593612671,0,0.009456194005906582,0
153045,8342,3,22;-13;-13,multi_mixed_family,0,-1,mixed/unsupported,1,electron,0,0.3918798267841339,0,0.19405345618724823,0
